name,age
Olivia,10
Liam,22
Emma,12
Noah,55
Amelia,89
Oliver,11
Ava,12
Elijah,25
Sophia,3
Mateo,78
Isabella,42
Lucas,21
Luna,45
Levi,42
Mia,1
Asher,87
Charlotte,6
James,54
Evelyn,75
Leo,87
Harper,77
Grayson,45
Scarlett,12
Ezra,26
Nova,13
Luca,47
Aurora,66
Ethan,50
Ella,20
Aiden,10
Mila,35
Wyatt,74
Aria,78
Sebastian,66
Ellie,23
Benjamin,78
Gianna,68
Mason,69
Sofia,36
Henry,23
Violet,45
Hudson,45
Layla,11
Jack,75
Willow,14
Jackson,16
Lily,18
Owen,18
Hazel,13
Daniel,65
Camila,66
Alexander,89
Avery,89
Maverick,41
Chloe,21
Kai,19
Elena,16
Gabriel,13
Paisley,1
Carter,4
Eliana,5
William,48
Penelope,50
Logan,40
Eleanor,30
Michael,60
Ivy,20
Samuel,36
Elizabeth,68
Muhammad,46
Riley,35
Waylon,12
Isla,23
Ezekiel,48
Abigail,45
Jayden,96
Nora,45
Luke,26
Stella,44
Lincoln,12
Grace,44
Theo,74
Zoey,33
Jacob,89
Emily,100
Josiah,67
Emilia,45
David,100
Leilani,48
Jaxon,46
Everly,6
Elias,5
Kinsley,5
Julian,8
